ENGINE_RUN_TINE (),ENGINE_RPM (),VEHICLE_SPEED (),THROTTLE (),ENGINE_LOAD (),COOLANT_TEMPERATURE (),LONG_TERM_FUEL_TRIM_BANK_1 (),SHORT_TERM_FUEL_TRIM_BANK_1 (),INTAKE_MANIFOLD_PRESSURE (),FUEL_TANK (),ABSOLUTE_THROTTLE_B (),PEDAL_D (),PEDAL_E (),COMMANDED_THROTTLE_ACTUATOR (),FUEL_AIR_COMMANDED_EQUIV_RATIO (),ABSOLUTE_BAROMETRIC_PRESSURE (),RELATIVE_THROTTLE_POSITION (),INTAKE_AIR_TEMP (),TIMING_ADVANCE (),CATALYST_TEMPERATURE_BANK1_SENSOR1 (),CATALYST_TEMPERATURE_BANK1_SENSOR2 (),CONTROL_MODULE_VOLTAGE (),COMMANDED_EVAPORATIVE_PURGE (),TIME_RUN_WITH_MIL_ON (),TIME_SINCE_TROUBLE_CODES_CLEARED (),DISTANCE_TRAVELED_WITH_MIL_ON (),WARM_UPS_SINCE_CODES_CLEARED ()
140.000000, 859.250000, 0.000000, 18.039215, 33.725491, 56.000000, 3.906250, -4.687500, 34.000000, 35.294117, 50.196079, 16.078432, 31.764706, 18.039215, 0.000000, 101.000000, 0.000000, 30.000000, 5.000000, 371.899994, 104.399994, 14.062000, 0.000000, 0.000000, 7497.000000, 0.000000, 255.000000,
140.000000, 855.250000, 0.000000, 18.039215, 33.725491, 56.000000, 3.906250, -6.250000, 35.000000, 35.294117, 50.196079, 16.078432, 31.764706, 18.039215, 0.000000, 101.000000, 0.000000, 30.000000, 5.000000, 371.899994, 104.399994, 14.062000, 0.000000, 0.000000, 7497.000000, 0.000000, 255.000000,
142.000000, 855.250000, 0.000000, 18.039215, 33.725491, 56.000000, 3.906250, -6.250000, 35.000000, 35.294117, 50.196079, 16.078432, 31.764706, 18.039215, 0.000000, 101.000000, 0.000000, 30.000000, 5.000000, 371.899994, 104.399994, 14.062000, 0.000000, 0.000000, 7497.000000, 0.000000, 255.000000,
142.000000, 855.250000, 0.000000, 18.039215, 33.725491, 56.000000, 3.906250, -6.250000, 35.000000, 35.294117, 50.196079, 16.078432, 31.764706, 18.039215, 0.000000, 101.000000, 0.000000, 30.000000, 5.000000, 372.600006, 105.199997, 14.062000, 0.000000, 0.000000, 7497.000000, 0.000000, 255.000000,
142.000000, 855.250000, 0.000000, 18.039215, 33.725491, 56.000000, 3.906250, -6.250000, 35.000000, 35.294117, 50.196079, 16.078432, 31.764706, 18.039215, 0.000000, 101.000000, 0.000000, 30.000000, 5.000000, 372.600006, 105.199997, 14.062000, 0.000000, 0.000000, 7497.000000, 0.000000, 255.000000,
142.000000, 853.000000, 0.000000, 18.039215, 33.725491, 57.000000, 3.906250, -5.468750, 34.000000, 35.294117, 50.196079, 16.078432, 31.764706, 18.039215, 0.000000, 101.000000, 0.000000, 30.000000, 4.000000, 372.600006, 105.199997, 14.062000, 0.000000, 0.000000, 7497.000000, 0.000000, 255.000000,
144.000000, 853.000000, 0.000000, 18.039215, 33.725491, 57.000000, 3.906250, -5.468750, 34.000000, 35.294117, 50.196079, 16.078432, 31.764706, 18.039215, 0.000000, 101.000000, 0.000000, 30.000000, 4.000000, 372.600006, 105.199997, 14.062000, 0.000000, 0.000000, 7497.000000, 0.000000, 255.000000,
144.000000, 853.000000, 0.000000, 18.039215, 33.725491, 57.000000, 3.906250, -5.468750, 34.000000, 35.294117, 50.196079, 16.078432, 31.764706, 18.039215, 0.000000, 101.000000, 0.000000, 30.000000, 4.000000, 374.100006, 106.899994, 14.082000, 0.000000, 0.000000, 7497.000000, 0.000000, 255.000000,
144.000000, 853.000000, 0.000000, 18.039215, 33.725491, 57.000000, 3.906250, -3.906250, 34.000000, 35.294117, 50.196079, 16.078432, 31.764706, 18.039215, 0.000000, 101.000000, 0.000000, 30.000000, 4.000000, 374.100006, 106.899994, 14.082000, 0.000000, 0.000000, 7497.000000, 0.000000, 255.000000,
146.000000, 851.500000, 0.000000, 18.039215, 33.725491, 57.000000, 3.906250, -3.906250, 34.000000, 35.294117, 50.196079, 16.078432, 31.764706, 18.039215, 0.000000, 101.000000, 0.000000, 30.000000, 4.000000, 374.100006, 106.899994, 14.082000, 0.000000, 0.000000, 7497.000000, 0.000000, 255.000000,
146.000000, 851.500000, 0.000000, 18.039215, 33.725491, 57.000000, 3.906250, -3.906250, 34.000000, 35.294117, 50.196079, 16.078432, 31.764706, 18.039215, 0.000000, 101.000000, 0.000000, 30.000000, 4.000000, 375.399994, 108.600006, 14.082000, 0.000000, 0.000000, 7497.000000, 0.000000, 255.000000,
146.000000, 851.500000, 0.000000, 18.039215, 33.725491, 57.000000, 3.906250, -3.906250, 34.000000, 35.294117, 50.196079, 16.078432, 31.764706, 18.039215, 0.000000, 101.000000, 0.000000, 30.000000, 4.000000, 375.399994, 108.600006, 14.082000, 0.000000, 0.000000, 7497.000000, 0.000000, 255.000000,
146.000000, 846.750000, 0.000000, 18.039215, 33.725491, 58.000000, 3.906250, -5.468750, 34.000000, 35.294117, 50.196079, 16.078432, 31.764706, 18.039215, 0.000000, 101.000000, 0.000000, 30.000000, 5.000000, 375.399994, 108.600006, 14.082000, 0.000000, 0.000000, 7497.000000, 0.000000, 255.000000,
148.000000, 846.750000, 0.000000, 18.039215, 33.725491, 58.000000, 3.906250, -5.468750, 34.000000, 35.294117, 50.196079, 16.078432, 31.764706, 18.039215, 0.000000, 101.000000, 0.000000, 30.000000, 5.000000, 375.399994, 108.600006, 14.082000, 0.000000, 0.000000, 7497.000000, 0.000000, 255.000000,
148.000000, 846.750000, 0.000000, 18.039215, 33.725491, 58.000000, 3.906250, -5.468750, 34.000000, 35.294117, 50.196079, 16.078432, 31.764706, 18.039215, 0.000000, 101.000000, 0.000000, 30.000000, 5.000000, 376.700012, 110.300003, 14.082000, 0.000000, 0.000000, 7497.000000, 0.000000, 255.000000,
148.000000, 846.750000, 0.000000, 18.039215, 33.725491, 58.000000, 3.906250, -5.468750, 34.000000, 35.294117, 50.196079, 16.078432, 31.764706, 18.039215, 0.000000, 101.000000, 0.000000, 30.000000, 5.000000, 376.700012, 110.300003, 14.082000, 0.000000, 0.000000, 7497.000000, 0.000000, 255.000000,
148.000000, 886.500000, 0.000000, 16.862745, 30.588236, 58.000000, 3.906250, -5.468750, 27.000000, 35.294117, 50.196079, 16.078432, 31.764706, 18.039215, 0.000000, 101.000000, 0.000000, 30.000000, -2.000000, 376.700012, 110.300003, 14.082000, 0.000000, 0.000000, 7497.000000, 0.000000, 255.000000,
149.000000, 886.500000, 0.000000, 16.862745, 30.588236, 58.000000, 3.906250, -5.468750, 27.000000, 35.294117, 50.196079, 16.078432, 31.764706, 18.039215, 0.000000, 101.000000, 0.000000, 30.000000, -2.000000, 376.700012, 110.300003, 14.082000, 0.000000, 0.000000, 7497.000000, 0.000000, 255.000000,
149.000000, 886.500000, 0.000000, 16.862745, 30.588236, 58.000000, 3.906250, -5.468750, 27.000000, 35.294117, 48.627453, 16.078432, 31.764706, 16.862745, 0.000000, 101.000000, 0.000000, 30.000000, -2.000000, 377.299988, 111.199997, 14.140000, 0.000000, 0.000000, 7497.000000, 0.000000, 255.000000,
149.000000, 886.500000, 0.000000, 16.862745, 25.882353, 58.000000, 3.906250, -9.375000, 27.000000, 35.294117, 48.627453, 16.078432, 31.764706, 16.862745, 0.000000, 101.000000, 0.000000, 30.000000, -2.000000, 377.299988, 111.199997, 14.140000, 0.000000, 0.000000, 7497.000000, 0.000000, 255.000000,
151.000000, 844.500000, 0.000000, 16.862745, 25.882353, 58.000000, 3.906250, -9.375000, 26.000000, 35.294117, 48.627453, 16.078432, 31.764706, 16.862745, 0.000000, 101.000000, 0.000000, 31.000000, 5.000000, 377.299988, 111.199997, 14.140000, 0.000000, 0.000000, 7497.000000, 0.000000, 255.000000,
151.000000, 844.500000, 0.000000, 16.862745, 25.882353, 58.000000, 3.906250, -9.375000, 26.000000, 35.294117, 48.627453, 16.078432, 31.764706, 16.862745, 0.000000, 101.000000, 0.000000, 31.000000, 5.000000, 378.299988, 112.800003, 14.140000, 0.000000, 0.000000, 7497.000000, 0.000000, 255.000000,
151.000000, 844.500000, 0.000000, 16.862745, 25.882353, 58.000000, 3.906250, -9.375000, 26.000000, 35.294117, 48.235294, 16.078432, 31.764706, 16.862745, 0.000000, 101.000000, 0.000000, 31.000000, 5.000000, 378.299988, 112.800003, 14.140000, 0.000000, 0.000000, 7497.000000, 0.000000, 255.000000,
151.000000, 825.750000, 0.000000, 16.862745, 25.098040, 58.000000, 3.906250, -3.906250, 26.000000, 35.294117, 48.235294, 16.078432, 31.764706, 16.862745, 0.000000, 101.000000, 0.000000, 31.000000, 7.000000, 378.299988, 112.800003, 14.140000, 0.000000, 0.000000, 7497.000000, 0.000000, 255.000000,
153.000000, 825.750000, 0.000000, 16.470589, 25.098040, 58.000000, 3.906250, -3.906250, 26.000000, 35.294117, 48.235294, 16.078432, 31.764706, 16.862745, 0.000000, 101.000000, 0.000000, 31.000000, 7.000000, 378.299988, 112.800003, 14.140000, 0.000000, 0.000000, 7497.000000, 0.000000, 255.000000,
153.000000, 825.750000, 0.000000, 16.470589, 25.098040, 58.000000, 3.906250, -3.906250, 26.000000, 35.294117, 48.235294, 16.078432, 31.764706, 16.862745, 0.000000, 101.000000, 0.000000, 31.000000, 7.000000, 378.899994, 114.199997, 14.121000, 0.000000, 0.000000, 7497.000000, 0.000000, 255.000000,
153.000000, 825.750000, 0.000000, 16.470589, 25.098040, 58.000000, 3.906250, -3.906250, 26.000000, 35.294117, 48.235294, 16.078432, 31.764706, 16.470589, 0.000000, 101.000000, 0.000000, 31.000000, 7.000000, 378.899994, 114.199997, 14.121000, 0.000000, 0.000000, 7497.000000, 0.000000, 255.000000,
153.000000, 800.000000, 0.000000, 16.470589, 25.490196, 58.000000, 3.906250, -8.593750, 25.000000, 35.294117, 48.235294, 16.078432, 31.764706, 16.470589, 0.000000, 101.000000, 0.000000, 31.000000, 7.000000, 378.899994, 114.199997, 14.121000, 0.000000, 0.000000, 7497.000000, 0.000000, 255.000000,
155.000000, 800.000000, 0.000000, 16.470589, 25.490196, 58.000000, 3.906250, -8.593750, 25.000000, 35.294117, 48.235294, 16.078432, 31.764706, 16.470589, 0.000000, 101.000000, 0.000000, 31.000000, 7.000000, 378.899994, 114.199997, 14.121000, 0.000000, 0.000000, 7497.000000, 0.000000, 255.000000,
155.000000, 800.000000, 0.000000, 16.470589, 25.490196, 58.000000, 3.906250, -8.593750, 25.000000, 35.294117, 48.235294, 16.078432, 31.764706, 16.470589, 0.000000, 101.000000, 0.000000, 31.000000, 7.000000, 379.299988, 115.600006, 14.121000, 0.000000, 0.000000, 7497.000000, 0.000000, 255.000000,
155.000000, 800.000000, 0.000000, 16.470589, 25.882353, 58.000000, 3.906250, -8.593750, 25.000000, 35.294117, 48.235294, 16.078432, 31.764706, 16.470589, 0.000000, 101.000000, 0.000000, 31.000000, 7.000000, 379.299988, 115.600006, 14.121000, 0.000000, 0.000000, 7497.000000, 0.000000, 255.000000,
157.000000, 775.000000, 0.000000, 16.470589, 25.882353, 58.000000, 3.906250, -12.500000, 27.000000, 35.294117, 48.235294, 16.078432, 31.764706, 16.470589, 0.000000, 101.000000, 0.000000, 31.000000, 7.000000, 379.299988, 115.600006, 14.121000, 0.000000, 0.000000, 7497.000000, 0.000000, 255.000000,
157.000000, 775.000000, 0.000000, 16.470589, 25.882353, 58.000000, 3.906250, -12.500000, 27.000000, 35.294117, 48.235294, 16.078432, 31.764706, 16.470589, 0.000000, 101.000000, 0.000000, 31.000000, 7.000000, 379.399994, 115.600006, 14.121000, 0.000000, 0.000000, 7497.000000, 0.000000, 255.000000,
157.000000, 775.000000, 0.000000, 16.470589, 25.882353, 58.000000, 3.906250, -12.500000, 27.000000, 35.294117, 48.235294, 16.078432, 31.764706, 16.470589, 0.000000, 101.000000, 0.000000, 31.000000, 7.000000, 379.399994, 116.300003, 14.140000, 0.000000, 0.000000, 7497.000000, 0.000000, 255.000000,
157.000000, 782.000000, 0.000000, 16.470589, 26.274509, 58.000000, 3.906250, -7.031250, 26.000000, 35.294117, 48.235294, 16.078432, 31.764706, 16.470589, 0.000000, 101.000000, 0.000000, 31.000000, 7.000000, 379.399994, 116.300003, 14.140000, 0.000000, 0.000000, 7497.000000, 0.000000, 255.000000,
158.000000, 782.000000, 0.000000, 16.862745, 26.274509, 58.000000, 3.906250, -7.031250, 26.000000, 35.294117, 48.235294, 16.078432, 31.764706, 16.470589, 0.000000, 101.000000, 0.000000, 31.000000, 4.000000, 379.399994, 116.300003, 14.140000, 0.000000, 0.000000, 7497.000000, 0.000000, 255.000000,
158.000000, 782.000000, 0.000000, 16.862745, 26.274509, 58.000000, 3.906250, -7.031250, 26.000000, 35.294117, 48.235294, 16.078432, 31.764706, 16.470589, 0.000000, 101.000000, 0.000000, 31.000000, 4.000000, 379.600006, 117.500000, 14.121000, 0.000000, 0.000000, 7497.000000, 0.000000, 255.000000,
158.000000, 782.000000, 0.000000, 16.862745, 26.274509, 58.000000, 3.906250, -7.031250, 26.000000, 35.294117, 48.235294, 16.078432, 31.764706, 16.862745, 0.000000, 101.000000, 0.000000, 31.000000, 4.000000, 379.600006, 117.500000, 14.121000, 0.000000, 0.000000, 7497.000000, 0.000000, 255.000000,
158.000000, 788.250000, 0.000000, 16.862745, 26.274509, 59.000000, 3.906250, -3.125000, 27.000000, 35.294117, 48.235294, 16.078432, 31.764706, 16.862745, 0.000000, 101.000000, 0.000000, 31.000000, 3.000000, 379.600006, 117.500000, 14.121000, 0.000000, 0.000000, 7497.000000, 0.000000, 255.000000,
160.000000, 788.250000, 0.000000, 16.862745, 26.274509, 59.000000, 3.906250, -3.125000, 27.000000, 35.294117, 48.235294, 16.078432, 31.764706, 16.862745, 0.000000, 101.000000, 0.000000, 31.000000, 3.000000, 379.600006, 117.500000, 14.121000, 0.000000, 0.000000, 7497.000000, 0.000000, 255.000000,
160.000000, 788.250000, 0.000000, 16.862745, 26.274509, 59.000000, 3.906250, -3.125000, 27.000000, 35.294117, 48.235294, 16.078432, 31.764706, 16.862745, 0.000000, 101.000000, 0.000000, 31.000000, 3.000000, 379.700012, 118.699997, 14.121000, 0.000000, 0.000000, 7497.000000, 0.000000, 255.000000,
160.000000, 788.250000, 0.000000, 16.862745, 26.274509, 59.000000, 3.906250, -3.125000, 27.000000, 35.294117, 48.235294, 16.078432, 31.764706, 16.862745, 0.000000, 101.000000, 0.000000, 31.000000, 3.000000, 379.700012, 118.699997, 14.121000, 0.000000, 0.000000, 7497.000000, 0.000000, 255.000000,
162.000000, 785.000000, 0.000000, 16.862745, 26.274509, 59.000000, 3.906250, -7.031250, 26.000000, 35.294117, 48.235294, 16.078432, 31.764706, 16.862745, 0.000000, 101.000000, 0.000000, 31.000000, 3.000000, 379.700012, 118.699997, 14.121000, 0.000000, 0.000000, 7497.000000, 0.000000, 255.000000,
162.000000, 785.000000, 0.000000, 16.862745, 26.274509, 59.000000, 3.906250, -7.031250, 26.000000, 35.294117, 48.235294, 16.078432, 31.764706, 16.862745, 0.000000, 101.000000, 0.000000, 31.000000, 3.000000, 379.700012, 118.699997, 14.121000, 0.000000, 0.000000, 7497.000000, 0.000000, 255.000000,
162.000000, 785.000000, 0.000000, 16.862745, 26.274509, 59.000000, 3.906250, -7.031250, 26.000000, 35.294117, 48.235294, 16.078432, 31.764706, 16.862745, 0.000000, 101.000000, 0.000000, 31.000000, 3.000000, 379.700012, 119.800003, 14.121000, 0.000000, 0.000000, 7497.000000, 0.000000, 255.000000,
162.000000, 785.000000, 0.000000, 16.862745, 26.274509, 59.000000, 3.906250, -3.125000, 26.000000, 35.294117, 48.235294, 16.078432, 31.764706, 16.862745, 0.000000, 101.000000, 0.000000, 31.000000, 3.000000, 379.700012, 119.800003, 14.121000, 0.000000, 0.000000, 7497.000000, 0.000000, 255.000000,
164.000000, 789.750000, 0.000000, 16.862745, 26.274509, 59.000000, 3.906250, -3.125000, 26.000000, 35.294117, 48.235294, 16.078432, 31.764706, 16.862745, 0.000000, 101.000000, 0.000000, 31.000000, 3.000000, 379.700012, 119.800003, 14.121000, 0.000000, 0.000000, 7497.000000, 0.000000, 255.000000,
164.000000, 789.750000, 0.000000, 16.862745, 26.274509, 59.000000, 3.906250, -3.125000, 26.000000, 35.294117, 48.235294, 16.078432, 31.764706, 16.862745, 0.000000, 101.000000, 0.000000, 31.000000, 3.000000, 379.700012, 120.399994, 14.140000, 0.000000, 0.000000, 7497.000000, 0.000000, 255.000000,
164.000000, 789.750000, 0.000000, 16.862745, 26.274509, 59.000000, 3.906250, -3.125000, 26.000000, 35.294117, 48.235294, 16.078432, 31.764706, 16.862745, 0.000000, 101.000000, 0.000000, 31.000000, 3.000000, 379.700012, 120.399994, 14.140000, 0.000000, 0.000000, 7497.000000, 0.000000, 255.000000,
164.000000, 780.250000, 0.000000, 16.862745, 26.274509, 59.000000, 3.906250, -7.031250, 26.000000, 35.294117, 48.235294, 16.078432, 31.764706, 16.862745, 0.000000, 101.000000, 0.000000, 31.000000, 4.000000, 379.700012, 120.399994, 14.140000, 0.000000, 0.000000, 7497.000000, 0.000000, 255.000000,
166.000000, 780.250000, 0.000000, 16.862745, 26.274509, 59.000000, 3.906250, -7.031250, 26.000000, 35.294117, 48.235294, 16.078432, 31.764706, 16.862745, 0.000000, 101.000000, 0.000000, 31.000000, 4.000000, 379.700012, 120.399994, 14.140000, 0.000000, 0.000000, 7497.000000, 0.000000, 255.000000,
166.000000, 780.250000, 0.000000, 16.862745, 26.274509, 59.000000, 3.906250, -7.031250, 26.000000, 35.294117, 48.235294, 16.078432, 31.764706, 16.470589, 0.000000, 101.000000, 0.000000, 31.000000, 4.000000, 379.700012, 121.500000, 14.121000, 0.000000, 0.000000, 7497.000000, 0.000000, 255.000000,
166.000000, 780.250000, 0.000000, 16.862745, 26.274509, 59.000000, 3.906250, -7.031250, 26.000000, 35.294117, 48.235294, 16.078432, 31.764706, 16.470589, 0.000000, 101.000000, 0.000000, 31.000000, 4.000000, 379.700012, 121.500000, 14.121000, 0.000000, 0.000000, 7497.000000, 0.000000, 255.000000,
166.000000, 788.250000, 0.000000, 16.470589, 26.274509, 60.000000, 3.906250, -4.687500, 27.000000, 35.294117, 48.235294, 16.078432, 31.764706, 16.470589, 0.000000, 101.000000, 0.000000, 31.000000, 3.000000, 379.700012, 121.500000, 14.121000, 0.000000, 0.000000, 7497.000000, 0.000000, 255.000000,
167.000000, 788.250000, 0.000000, 16.470589, 26.274509, 60.000000, 3.906250, -4.687500, 27.000000, 35.294117, 48.235294, 16.078432, 31.764706, 16.470589, 0.000000, 101.000000, 0.000000, 31.000000, 3.000000, 379.700012, 121.500000, 14.121000, 0.000000, 0.000000, 7497.000000, 0.000000, 255.000000,
167.000000, 788.250000, 0.000000, 16.470589, 26.274509, 60.000000, 3.906250, -4.687500, 27.000000, 35.294117, 48.235294, 16.078432, 31.764706, 16.470589, 0.000000, 101.000000, 0.000000, 31.000000, 3.000000, 379.700012, 122.500000, 14.082000, 0.000000, 0.000000, 7497.000000, 0.000000, 255.000000,
167.000000, 788.250000, 0.000000, 16.470589, 26.274509, 60.000000, 3.906250, -3.125000, 27.000000, 35.294117, 48.235294, 16.078432, 31.764706, 16.470589, 0.000000, 101.000000, 0.000000, 31.000000, 3.000000, 379.700012, 122.500000, 14.082000, 0.000000, 0.000000, 7497.000000, 0.000000, 255.000000,
169.000000, 789.000000, 0.000000, 16.470589, 26.274509, 60.000000, 3.906250, -3.125000, 27.000000, 35.294117, 48.235294, 16.078432, 31.764706, 16.470589, 0.000000, 101.000000, 0.000000, 31.000000, 3.000000, 379.700012, 122.500000, 14.082000, 0.000000, 0.000000, 7497.000000, 0.000000, 255.000000,
169.000000, 789.000000, 0.000000, 16.470589, 26.274509, 60.000000, 3.906250, -3.125000, 27.000000, 35.294117, 48.235294, 16.078432, 31.764706, 16.470589, 0.000000, 101.000000, 0.000000, 31.000000, 3.000000, 379.600006, 123.500000, 14.121000, 0.000000, 0.000000, 7497.000000, 0.000000, 255.000000,
169.000000, 789.000000, 0.000000, 16.470589, 26.274509, 60.000000, 3.906250, -3.125000, 27.000000, 35.294117, 48.235294, 16.078432, 31.764706, 16.470589, 0.000000, 101.000000, 0.000000, 31.000000, 3.000000, 379.600006, 123.500000, 14.121000, 0.000000, 0.000000, 7497.000000, 0.000000, 255.000000,
169.000000, 783.500000, 0.000000, 16.470589, 26.274509, 60.000000, 3.906250, -6.250000, 26.000000, 35.294117, 48.235294, 16.078432, 31.764706, 16.470589, 0.000000, 101.000000, 0.000000, 31.000000, 4.000000, 379.600006, 123.500000, 14.121000, 0.000000, 0.000000, 7497.000000, 0.000000, 255.000000,
171.000000, 783.500000, 0.000000, 16.470589, 26.274509, 60.000000, 3.906250, -6.250000, 26.000000, 35.294117, 48.235294, 16.078432, 31.764706, 16.470589, 0.000000, 101.000000, 0.000000, 31.000000, 4.000000, 379.600006, 123.500000, 14.121000, 0.000000, 0.000000, 7497.000000, 0.000000, 255.000000,
171.000000, 783.500000, 0.000000, 16.470589, 26.274509, 60.000000, 3.906250, -6.250000, 26.000000, 35.294117, 48.235294, 16.078432, 31.764706, 16.470589, 0.000000, 101.000000, 0.000000, 31.000000, 4.000000, 379.600006, 124.100006, 14.101000, 0.000000, 0.000000, 7497.000000, 0.000000, 255.000000,
171.000000, 783.500000, 0.000000, 16.470589, 26.274509, 60.000000, 3.906250, -6.250000, 26.000000, 35.294117, 48.235294, 16.078432, 31.764706, 16.470589, 0.000000, 101.000000, 0.000000, 31.000000, 4.000000, 379.600006, 124.100006, 14.101000, 0.000000, 0.000000, 7497.000000, 0.000000, 255.000000,
171.000000, 791.250000, 0.000000, 16.470589, 26.274509, 60.000000, 3.906250, -2.343750, 26.000000, 35.294117, 48.235294, 16.078432, 31.764706, 16.470589, 0.000000, 101.000000, 0.000000, 31.000000, 2.000000, 379.600006, 124.100006, 14.101000, 0.000000, 0.000000, 7497.000000, 0.000000, 255.000000,
173.000000, 791.250000, 0.000000, 16.470589, 26.274509, 60.000000, 3.906250, -2.343750, 26.000000, 35.294117, 48.235294, 16.078432, 31.764706, 16.470589, 0.000000, 101.000000, 0.000000, 31.000000, 2.000000, 379.600006, 124.100006, 14.101000, 0.000000, 0.000000, 7497.000000, 0.000000, 255.000000,
173.000000, 791.250000, 0.000000, 16.470589, 26.274509, 60.000000, 3.906250, -2.343750, 26.000000, 35.294117, 48.235294, 16.078432, 31.764706, 16.470589, 0.000000, 101.000000, 0.000000, 31.000000, 2.000000, 379.500000, 125.100006, 14.121000, 0.000000, 0.000000, 7497.000000, 0.000000, 255.000000,
173.000000, 791.250000, 0.000000, 16.470589, 26.274509, 60.000000, 3.906250, -3.906250, 26.000000, 35.294117, 48.235294, 16.078432, 31.764706, 16.470589, 0.000000, 101.000000, 0.000000, 31.000000, 2.000000, 379.500000, 125.100006, 14.121000, 0.000000, 0.000000, 7497.000000, 0.000000, 255.000000,
175.000000, 780.250000, 0.000000, 16.470589, 26.274509, 60.000000, 3.906250, -3.906250, 26.000000, 35.294117, 48.235294, 16.078432, 31.764706, 16.470589, 0.000000, 101.000000, 0.000000, 31.000000, 4.000000, 379.500000, 125.100006, 14.121000, 0.000000, 0.000000, 7497.000000, 0.000000, 255.000000,
175.000000, 780.250000, 0.000000, 16.470589, 26.274509, 60.000000, 3.906250, -3.906250, 26.000000, 35.294117, 48.235294, 16.078432, 31.764706, 16.470589, 0.000000, 101.000000, 0.000000, 31.000000, 4.000000, 379.399994, 126.100006, 14.121000, 0.000000, 0.000000, 7497.000000, 0.000000, 255.000000,
175.000000, 780.250000, 0.000000, 16.470589, 26.274509, 60.000000, 3.906250, -3.906250, 26.000000, 35.294117, 48.235294, 16.078432, 31.764706, 16.470589, 0.000000, 101.000000, 0.000000, 31.000000, 4.000000, 379.399994, 126.100006, 14.121000, 0.000000, 0.000000, 7497.000000, 0.000000, 255.000000,
175.000000, 782.750000, 0.000000, 16.470589, 26.274509, 60.000000, 3.906250, -3.125000, 26.000000, 35.294117, 48.235294, 16.078432, 31.764706, 16.470589, 0.000000, 101.000000, 0.000000, 31.000000, 3.000000, 379.399994, 126.100006, 14.121000, 0.000000, 0.000000, 7497.000000, 0.000000, 255.000000,
177.000000, 782.750000, 0.000000, 16.470589, 26.274509, 60.000000, 3.906250, -3.125000, 26.000000, 35.294117, 48.235294, 16.078432, 31.764706, 16.470589, 0.000000, 101.000000, 0.000000, 31.000000, 3.000000, 379.399994, 126.100006, 14.121000, 0.000000, 0.000000, 7497.000000, 0.000000, 255.000000,
177.000000, 782.750000, 0.000000, 16.470589, 26.274509, 60.000000, 3.906250, -3.125000, 26.000000, 35.294117, 48.235294, 16.078432, 31.764706, 16.470589, 0.000000, 101.000000, 0.000000, 31.000000, 3.000000, 379.299988, 127.000000, 14.101000, 0.000000, 0.000000, 7497.000000, 0.000000, 255.000000,
177.000000, 782.750000, 0.000000, 16.470589, 26.274509, 60.000000, 3.906250, -3.125000, 26.000000, 35.294117, 48.235294, 16.078432, 31.764706, 16.470589, 0.000000, 101.000000, 0.000000, 31.000000, 3.000000, 379.299988, 127.000000, 14.101000, 0.000000, 0.000000, 7497.000000, 0.000000, 255.000000,
177.000000, 780.250000, 0.000000, 16.470589, 26.274509, 60.000000, 3.906250, -3.125000, 26.000000, 35.294117, 48.235294, 16.078432, 31.764706, 16.470589, 0.000000, 101.000000, 0.000000, 31.000000, 3.000000, 379.299988, 127.000000, 14.101000, 0.000000, 0.000000, 7497.000000, 0.000000, 255.000000,
178.000000, 780.250000, 0.000000, 16.470589, 26.274509, 60.000000, 3.906250, -3.125000, 26.000000, 35.294117, 48.235294, 16.078432, 31.764706, 16.470589, 0.000000, 101.000000, 0.000000, 31.000000, 3.000000, 379.299988, 127.000000, 14.101000, 0.000000, 0.000000, 7497.000000, 0.000000, 255.000000,
178.000000, 780.250000, 0.000000, 16.470589, 26.274509, 60.000000, 3.906250, -3.125000, 26.000000, 35.294117, 48.235294, 16.078432, 31.764706, 16.470589, 0.000000, 101.000000, 0.000000, 31.000000, 3.000000, 379.299988, 127.500000, 14.121000, 0.000000, 0.000000, 7498.000000, 0.000000, 255.000000,
178.000000, 780.250000, 0.000000, 16.470589, 26.274509, 60.000000, 3.906250, -3.906250, 26.000000, 35.294117, 48.235294, 16.078432, 31.764706, 16.470589, 0.000000, 101.000000, 0.000000, 31.000000, 3.000000, 379.299988, 127.500000, 14.121000, 0.000000, 0.000000, 7498.000000, 0.000000, 255.000000,
180.000000, 775.000000, 0.000000, 16.470589, 26.274509, 60.000000, 3.906250, -3.906250, 27.000000, 35.294117, 48.235294, 16.078432, 31.764706, 16.470589, 0.000000, 101.000000, 0.000000, 31.000000, 5.000000, 379.299988, 127.500000, 14.121000, 0.000000, 0.000000, 7498.000000, 0.000000, 255.000000,
180.000000, 775.000000, 0.000000, 16.470589, 26.274509, 60.000000, 3.906250, -3.906250, 27.000000, 35.294117, 48.235294, 16.078432, 31.764706, 16.470589, 0.000000, 101.000000, 0.000000, 31.000000, 5.000000, 379.100006, 128.399994, 14.101000, 0.000000, 0.000000, 7498.000000, 0.000000, 255.000000,
180.000000, 775.000000, 0.000000, 16.470589, 26.274509, 60.000000, 3.906250, -3.906250, 27.000000, 35.294117, 48.235294, 16.078432, 31.764706, 16.470589, 0.000000, 101.000000, 0.000000, 31.000000, 5.000000, 379.100006, 128.399994, 14.101000, 0.000000, 0.000000, 7498.000000, 0.000000, 255.000000,
180.000000, 777.250000, 0.000000, 16.470589, 26.274509, 61.000000, 3.906250, -2.343750, 26.000000, 35.294117, 48.235294, 16.078432, 31.764706, 16.470589, 0.000000, 101.000000, 0.000000, 31.000000, 3.000000, 379.100006, 128.399994, 14.101000, 0.000000, 0.000000, 7498.000000, 0.000000, 255.000000,
182.000000, 777.250000, 0.000000, 16.470589, 26.274509, 61.000000, 3.906250, -2.343750, 26.000000, 35.294117, 48.235294, 16.078432, 31.764706, 16.470589, 0.000000, 101.000000, 0.000000, 31.000000, 3.000000, 379.100006, 128.399994, 14.101000, 0.000000, 0.000000, 7498.000000, 0.000000, 255.000000,
182.000000, 777.250000, 0.000000, 16.470589, 26.274509, 61.000000, 3.906250, -2.343750, 26.000000, 35.294117, 48.235294, 16.078432, 31.764706, 16.470589, 0.000000, 101.000000, 0.000000, 31.000000, 3.000000, 379.000000, 129.399994, 14.101000, 0.000000, 0.000000, 7498.000000, 0.000000, 255.000000,
182.000000, 777.250000, 0.000000, 16.470589, 26.274509, 61.000000, 3.906250, -2.343750, 26.000000, 35.294117, 48.235294, 16.078432, 31.764706, 16.470589, 0.000000, 101.000000, 0.000000, 31.000000, 3.000000, 379.000000, 129.399994, 14.101000, 0.000000, 0.000000, 7498.000000, 0.000000, 255.000000,
182.000000, 777.250000, 0.000000, 16.470589, 26.274509, 61.000000, 3.906250, -4.687500, 26.000000, 35.294117, 48.235294, 16.078432, 31.764706, 16.470589, 0.000000, 101.000000, 0.000000, 31.000000, 2.000000, 379.000000, 129.399994, 14.101000, 0.000000, 0.000000, 7498.000000, 0.000000, 255.000000,
184.000000, 777.250000, 0.000000, 16.470589, 26.274509, 61.000000, 3.906250, -4.687500, 26.000000, 35.294117, 48.235294, 16.078432, 31.764706, 16.470589, 0.000000, 101.000000, 0.000000, 31.000000, 2.000000, 379.000000, 129.399994, 14.101000, 0.000000, 0.000000, 7498.000000, 0.000000, 255.000000,
184.000000, 777.250000, 0.000000, 16.470589, 26.274509, 61.000000, 3.906250, -4.687500, 26.000000, 35.294117, 48.235294, 16.078432, 31.764706, 16.470589, 0.000000, 101.000000, 0.000000, 31.000000, 2.000000, 378.799988, 130.300003, 14.121000, 0.000000, 0.000000, 7498.000000, 0.000000, 255.000000,
184.000000, 777.250000, 0.000000, 16.470589, 25.882353, 61.000000, 3.906250, -1.562500, 26.000000, 35.294117, 48.235294, 16.078432, 31.764706, 16.470589, 0.000000, 101.000000, 0.000000, 31.000000, 2.000000, 378.799988, 130.300003, 14.121000, 0.000000, 0.000000, 7498.000000, 0.000000, 255.000000,
186.000000, 776.500000, 0.000000, 16.470589, 25.882353, 61.000000, 3.906250, -1.562500, 27.000000, 35.294117, 48.235294, 16.078432, 31.764706, 16.470589, 0.000000, 101.000000, 0.000000, 31.000000, 3.000000, 378.799988, 130.300003, 14.121000, 0.000000, 0.000000, 7498.000000, 0.000000, 255.000000,
186.000000, 776.500000, 0.000000, 16.470589, 25.882353, 61.000000, 3.906250, -1.562500, 27.000000, 35.294117, 48.235294, 16.078432, 31.764706, 16.470589, 0.000000, 101.000000, 0.000000, 31.000000, 3.000000, 378.700012, 131.199997, 14.121000, 0.000000, 0.000000, 7498.000000, 0.000000, 255.000000,
186.000000, 776.500000, 0.000000, 16.470589, 25.882353, 61.000000, 3.906250, -1.562500, 27.000000, 35.294117, 48.235294, 16.078432, 31.764706, 16.470589, 0.000000, 101.000000, 0.000000, 31.000000, 3.000000, 378.700012, 131.199997, 14.101000, 0.000000, 0.000000, 7498.000000, 0.000000, 255.000000,
186.000000, 777.250000, 0.000000, 16.470589, 26.274509, 61.000000, 3.906250, -4.687500, 27.000000, 35.294117, 48.235294, 16.078432, 31.764706, 16.470589, 0.000000, 101.000000, 0.000000, 31.000000, 2.000000, 378.700012, 131.199997, 14.101000, 0.000000, 0.000000, 7498.000000, 0.000000, 255.000000,
187.000000, 777.250000, 0.000000, 16.470589, 26.274509, 61.000000, 3.906250, -4.687500, 27.000000, 35.294117, 48.235294, 16.078432, 31.764706, 16.470589, 0.000000, 101.000000, 0.000000, 31.000000, 2.000000, 378.700012, 131.199997, 14.101000, 0.000000, 0.000000, 7498.000000, 0.000000, 255.000000,
187.000000, 777.250000, 0.000000, 16.470589, 26.274509, 61.000000, 3.906250, -4.687500, 27.000000, 35.294117, 48.235294, 16.078432, 31.764706, 16.470589, 0.000000, 101.000000, 0.000000, 31.000000, 2.000000, 378.600006, 131.699997, 14.121000, 0.000000, 0.000000, 7498.000000, 0.000000, 255.000000,
187.000000, 777.250000, 0.000000, 16.470589, 26.274509, 61.000000, 3.906250, -4.687500, 27.000000, 35.294117, 48.235294, 16.078432, 31.764706, 16.470589, 0.000000, 101.000000, 0.000000, 31.000000, 2.000000, 378.600006, 131.699997, 14.121000, 0.000000, 0.000000, 7498.000000, 0.000000, 255.000000,
187.000000, 775.000000, 0.000000, 16.470589, 25.882353, 61.000000, 3.906250, -3.125000, 26.000000, 35.294117, 48.235294, 16.078432, 31.764706, 16.470589, 0.000000, 101.000000, 0.000000, 31.000000, 3.000000, 378.600006, 131.699997, 14.121000, 0.000000, 0.000000, 7498.000000, 0.000000, 255.000000,
189.000000, 775.000000, 0.000000, 16.470589, 25.882353, 61.000000, 3.906250, -3.125000, 26.000000, 35.294117, 48.235294, 16.078432, 31.764706, 16.470589, 0.000000, 101.000000, 0.000000, 31.000000, 3.000000, 378.600006, 131.699997, 14.121000, 0.000000, 0.000000, 7498.000000, 0.000000, 255.000000,
189.000000, 775.000000, 0.000000, 16.470589, 25.882353, 61.000000, 3.906250, -3.125000, 26.000000, 35.294117, 48.235294, 16.078432, 31.764706, 16.470589, 0.000000, 101.000000, 0.000000, 31.000000, 3.000000, 378.399994, 132.600006, 14.101000, 0.000000, 0.000000, 7498.000000, 0.000000, 255.000000,
189.000000, 775.000000, 0.000000, 16.470589, 26.274509, 61.000000, 3.906250, -3.125000, 26.000000, 35.294117, 48.235294, 16.078432, 31.764706, 16.470589, 0.000000, 101.000000, 0.000000, 31.000000, 3.000000, 378.399994, 132.600006, 14.101000, 0.000000, 0.000000, 7498.000000, 0.000000, 255.000000,
191.000000, 767.750000, 0.000000, 16.470589, 26.274509, 61.000000, 3.906250, -2.343750, 27.000000, 35.294117, 48.235294, 16.078432, 31.764706, 16.470589, 0.000000, 101.000000, 0.000000, 31.000000, 4.000000, 378.399994, 132.600006, 14.101000, 0.000000, 0.000000, 7498.000000, 0.000000, 255.000000,
191.000000, 767.750000, 0.000000, 16.470589, 26.274509, 61.000000, 3.906250, -2.343750, 27.000000, 35.294117, 48.235294, 16.078432, 31.764706, 16.470589, 0.000000, 101.000000, 0.000000, 31.000000, 4.000000, 378.299988, 133.500000, 14.101000, 0.000000, 0.000000, 7498.000000, 0.000000, 255.000000,
191.000000, 767.750000, 0.000000, 16.470589, 26.274509, 61.000000, 3.906250, -2.343750, 27.000000, 35.294117, 48.235294, 16.078432, 31.764706, 16.470589, 0.000000, 101.000000, 0.000000, 31.000000, 4.000000, 378.299988, 133.500000, 14.082000, 0.000000, 0.000000, 7498.000000, 0.000000, 255.000000,
191.000000, 765.500000, 0.000000, 16.470589, 25.882353, 61.000000, 3.906250, -3.906250, 26.000000, 35.294117, 48.235294, 16.078432, 31.764706, 16.470589, 0.000000, 101.000000, 0.000000, 31.000000, 5.000000, 378.299988, 133.500000, 14.082000, 0.000000, 0.000000, 7498.000000, 0.000000, 255.000000,
193.000000, 765.500000, 0.000000, 16.470589, 25.882353, 61.000000, 3.906250, -3.906250, 26.000000, 35.294117, 48.235294, 16.078432, 31.764706, 16.470589, 0.000000, 101.000000, 0.000000, 31.000000, 5.000000, 378.299988, 133.500000, 14.082000, 0.000000, 0.000000, 7498.000000, 0.000000, 255.000000,
193.000000, 765.500000, 0.000000, 16.470589, 25.882353, 61.000000, 3.906250, -3.906250, 26.000000, 35.294117, 48.235294, 16.078432, 31.764706, 16.470589, 0.000000, 101.000000, 0.000000, 31.000000, 5.000000, 378.100006, 134.399994, 14.101000, 0.000000, 0.000000, 7498.000000, 0.000000, 255.000000,
193.000000, 765.500000, 0.000000, 16.470589, 25.882353, 61.000000, 3.906250, -3.906250, 26.000000, 35.294117, 48.235294, 16.078432, 31.764706, 16.470589, 0.000000, 101.000000, 0.000000, 31.000000, 5.000000, 378.100006, 134.399994, 14.101000, 0.000000, 0.000000, 7498.000000, 0.000000, 255.000000,
193.000000, 769.500000, 0.000000, 16.470589, 26.274509, 61.000000, 3.906250, -1.562500, 26.000000, 35.294117, 48.235294, 16.078432, 31.764706, 16.470589, 0.000000, 101.000000, 0.000000, 31.000000, 3.000000, 378.100006, 134.399994, 14.101000, 0.000000, 0.000000, 7498.000000, 0.000000, 255.000000,
195.000000, 769.500000, 0.000000, 16.470589, 26.274509, 61.000000, 3.906250, -1.562500, 26.000000, 35.294117, 48.235294, 16.078432, 31.764706, 16.470589, 0.000000, 101.000000, 0.000000, 31.000000, 3.000000, 378.100006, 134.399994, 14.101000, 0.000000, 0.000000, 7498.000000, 0.000000, 255.000000,
195.000000, 769.500000, 0.000000, 16.470589, 26.274509, 61.000000, 3.906250, -1.562500, 26.000000, 35.294117, 48.235294, 16.078432, 31.764706, 16.470589, 0.000000, 101.000000, 0.000000, 31.000000, 3.000000, 378.000000, 134.800003, 14.101000, 0.000000, 0.000000, 7498.000000, 0.000000, 255.000000,
195.000000, 769.500000, 0.000000, 16.470589, 25.882353, 61.000000, 3.906250, -1.562500, 26.000000, 35.294117, 48.235294, 16.078432, 31.764706, 16.470589, 0.000000, 101.000000, 0.000000, 31.000000, 3.000000, 378.000000, 134.800003, 14.101000, 0.000000, 0.000000, 7498.000000, 0.000000, 255.000000,
196.000000, 771.750000, 0.000000, 16.470589, 25.882353, 61.000000, 3.906250, -3.125000, 27.000000, 35.294117, 48.235294, 16.078432, 31.764706, 16.470589, 0.000000, 101.000000, 0.000000, 31.000000, 3.000000, 378.000000, 134.800003, 14.101000, 0.000000, 0.000000, 7498.000000, 0.000000, 255.000000,
196.000000, 771.750000, 0.000000, 16.470589, 25.882353, 61.000000, 3.906250, -3.125000, 27.000000, 35.294117, 48.235294, 16.078432, 31.764706, 16.470589, 0.000000, 101.000000, 0.000000, 31.000000, 3.000000, 377.899994, 134.800003, 14.101000, 0.000000, 0.000000, 7498.000000, 0.000000, 255.000000,
196.000000, 771.750000, 0.000000, 16.470589, 25.882353, 61.000000, 3.906250, -3.125000, 27.000000, 35.294117, 48.235294, 16.078432, 31.764706, 16.470589, 0.000000, 101.000000, 0.000000, 31.000000, 3.000000, 377.899994, 135.699997, 14.101000, 0.000000, 0.000000, 7498.000000, 0.000000, 255.000000,
196.000000, 764.000000, 0.000000, 16.470589, 26.274509, 62.000000, 3.906250, -2.343750, 27.000000, 35.294117, 48.235294, 16.078432, 31.764706, 16.470589, 0.000000, 101.000000, 0.000000, 31.000000, 3.000000, 377.899994, 135.699997, 14.101000, 0.000000, 0.000000, 7498.000000, 0.000000, 255.000000,
198.000000, 764.000000, 0.000000, 16.470589, 26.274509, 62.000000, 3.906250, -2.343750, 27.000000, 35.294117, 48.235294, 16.078432, 31.764706, 16.470589, 0.000000, 101.000000, 0.000000, 32.000000, 3.000000, 377.899994, 135.699997, 14.101000, 0.000000, 0.000000, 7498.000000, 0.000000, 255.000000,
198.000000, 764.000000, 0.000000, 16.470589, 26.274509, 62.000000, 3.906250, -2.343750, 27.000000, 35.294117, 48.235294, 16.078432, 31.764706, 16.470589, 0.000000, 101.000000, 0.000000, 32.000000, 3.000000, 377.700012, 136.500000, 14.101000, 0.000000, 0.000000, 7498.000000, 0.000000, 255.000000,
198.000000, 764.000000, 0.000000, 16.470589, 26.274509, 62.000000, 3.906250, -2.343750, 27.000000, 35.294117, 48.235294, 16.078432, 31.764706, 16.470589, 0.000000, 101.000000, 0.000000, 32.000000, 3.000000, 377.700012, 136.500000, 14.101000, 0.000000, 0.000000, 7498.000000, 0.000000, 255.000000,
198.000000, 758.500000, 0.000000, 16.470589, 26.274509, 62.000000, 3.906250, -3.125000, 26.000000, 35.294117, 48.235294, 16.078432, 31.764706, 16.470589, 0.000000, 101.000000, 0.000000, 32.000000, 3.000000, 377.700012, 136.500000, 14.101000, 0.000000, 0.000000, 7498.000000, 0.000000, 255.000000,
200.000000, 758.500000, 0.000000, 16.470589, 26.274509, 62.000000, 3.906250, -3.125000, 26.000000, 35.294117, 48.235294, 16.078432, 31.764706, 16.470589, 0.000000, 101.000000, 0.000000, 32.000000, 3.000000, 377.700012, 136.500000, 14.101000, 0.000000, 0.000000, 7498.000000, 0.000000, 255.000000,
200.000000, 758.500000, 0.000000, 16.470589, 26.274509, 62.000000, 3.906250, -3.125000, 26.000000, 35.294117, 48.235294, 16.078432, 31.764706, 16.470589, 0.000000, 101.000000, 0.000000, 32.000000, 3.000000, 377.600006, 137.399994, 14.082000, 0.000000, 0.000000, 7498.000000, 0.000000, 255.000000,
200.000000, 758.500000, 0.000000, 16.470589, 26.274509, 62.000000, 3.906250, -3.125000, 26.000000, 35.294117, 48.235294, 16.078432, 31.764706, 16.470589, 0.000000, 101.000000, 0.000000, 32.000000, 3.000000, 377.600006, 137.399994, 14.082000, 0.000000, 0.000000, 7498.000000, 0.000000, 255.000000,
202.000000, 755.250000, 0.000000, 16.470589, 26.274509, 62.000000, 3.906250, -1.562500, 27.000000, 35.294117, 48.235294, 16.078432, 31.764706, 16.470589, 0.000000, 101.000000, 0.000000, 32.000000, 3.000000, 377.600006, 137.399994, 14.082000, 0.000000, 0.000000, 7498.000000, 0.000000, 255.000000,
202.000000, 755.250000, 0.000000, 16.470589, 26.274509, 62.000000, 3.906250, -1.562500, 27.000000, 35.294117, 48.235294, 16.078432, 31.764706, 16.470589, 0.000000, 101.000000, 0.000000, 32.000000, 3.000000, 377.500000, 137.399994, 14.082000, 0.000000, 0.000000, 7498.000000, 0.000000, 255.000000,
202.000000, 755.250000, 0.000000, 16.470589, 26.274509, 62.000000, 3.906250, -1.562500, 27.000000, 35.294117, 48.235294, 16.078432, 31.764706, 16.470589, 0.000000, 101.000000, 0.000000, 32.000000, 3.000000, 377.500000, 137.800003, 14.101000, 0.000000, 0.000000, 7498.000000, 0.000000, 255.000000,
202.000000, 756.250000, 0.000000, 16.470589, 26.274509, 62.000000, 3.906250, -3.125000, 26.000000, 35.294117, 48.235294, 16.078432, 31.764706, 16.470589, 0.000000, 101.000000, 0.000000, 32.000000, 3.000000, 377.500000, 137.800003, 14.101000, 0.000000, 0.000000, 7498.000000, 0.000000, 255.000000,
204.000000, 756.250000, 0.000000, 16.470589, 26.274509, 62.000000, 3.906250, -3.125000, 26.000000, 35.294117, 48.235294, 16.078432, 31.764706, 16.470589, 0.000000, 101.000000, 0.000000, 32.000000, 2.000000, 377.500000, 137.800003, 14.101000, 0.000000, 0.000000, 7498.000000, 0.000000, 255.000000,
204.000000, 756.250000, 0.000000, 16.470589, 26.274509, 62.000000, 3.906250, -3.125000, 26.000000, 35.294117, 48.235294, 16.078432, 31.764706, 16.470589, 0.000000, 101.000000, 0.000000, 32.000000, 2.000000, 377.299988, 138.699997, 14.101000, 0.000000, 0.000000, 7498.000000, 0.000000, 255.000000,
204.000000, 756.250000, 0.000000, 16.470589, 26.274509, 62.000000, 3.906250, -3.125000, 26.000000, 35.294117, 48.235294, 16.078432, 31.764706, 16.470589, 0.000000, 101.000000, 0.000000, 32.000000, 2.000000, 377.299988, 138.699997, 14.101000, 0.000000, 0.000000, 7498.000000, 0.000000, 255.000000,
204.000000, 763.250000, 0.000000, 16.470589, 26.274509, 62.000000, 3.906250, -0.781250, 27.000000, 35.294117, 48.235294, 16.078432, 31.764706, 16.470589, 0.000000, 101.000000, 0.000000, 32.000000, 2.000000, 377.299988, 138.699997, 14.101000, 0.000000, 0.000000, 7498.000000, 0.000000, 255.000000,
206.000000, 763.250000, 0.000000, 16.470589, 26.274509, 62.000000, 3.906250, -0.781250, 27.000000, 35.294117, 48.235294, 16.078432, 31.764706, 16.470589, 0.000000, 101.000000, 0.000000, 32.000000, 2.000000, 377.299988, 138.699997, 14.101000, 0.000000, 0.000000, 7498.000000, 0.000000, 255.000000,
206.000000, 763.250000, 0.000000, 16.470589, 26.274509, 62.000000, 3.906250, -0.781250, 27.000000, 35.294117, 48.235294, 16.078432, 31.764706, 16.470589, 0.000000, 101.000000, 0.000000, 32.000000, 2.000000, 377.200012, 139.500000, 14.101000, 0.000000, 0.000000, 7498.000000, 0.000000, 255.000000,
206.000000, 763.250000, 0.000000, 16.470589, 26.274509, 62.000000, 3.906250, -0.781250, 27.000000, 35.294117, 48.235294, 16.078432, 31.764706, 16.470589, 0.000000, 101.000000, 0.000000, 32.000000, 2.000000, 377.200012, 139.500000, 14.101000, 0.000000, 0.000000, 7498.000000, 0.000000, 255.000000,
207.000000, 753.750000, 0.000000, 16.470589, 26.274509, 63.000000, 3.906250, -3.125000, 26.000000, 35.294117, 48.235294, 16.078432, 31.764706, 16.470589, 0.000000, 101.000000, 0.000000, 32.000000, 2.000000, 377.200012, 139.500000, 14.101000, 0.000000, 0.000000, 7498.000000, 0.000000, 255.000000,
207.000000, 753.750000, 0.000000, 16.470589, 26.274509, 63.000000, 3.906250, -3.125000, 26.000000, 35.294117, 48.235294, 16.078432, 31.764706, 16.470589, 0.000000, 101.000000, 0.000000, 32.000000, 2.000000, 377.200012, 139.500000, 14.101000, 0.000000, 0.000000, 7498.000000, 0.000000, 255.000000,
207.000000, 753.750000, 0.000000, 16.470589, 26.274509, 63.000000, 3.906250, -3.125000, 26.000000, 35.294117, 48.235294, 16.078432, 31.764706, 16.470589, 0.000000, 101.000000, 0.000000, 32.000000, 2.000000, 377.000000, 140.399994, 14.101000, 0.000000, 0.000000, 7498.000000, 0.000000, 255.000000,
207.000000, 753.750000, 0.000000, 16.470589, 26.274509, 63.000000, 3.906250, -2.343750, 26.000000, 35.294117, 48.235294, 16.078432, 31.764706, 16.470589, 0.000000, 101.000000, 0.000000, 32.000000, 2.000000, 377.000000, 140.399994, 14.101000, 0.000000, 0.000000, 7498.000000, 0.000000, 255.000000,
209.000000, 750.750000, 0.000000, 16.470589, 26.274509, 63.000000, 3.906250, -2.343750, 26.000000, 35.294117, 48.235294, 16.078432, 31.764706, 16.470589, 0.000000, 101.000000, 0.000000, 32.000000, 2.000000, 377.000000, 140.399994, 14.101000, 0.000000, 0.000000, 7498.000000, 0.000000, 255.000000,
209.000000, 750.750000, 0.000000, 16.470589, 26.274509, 63.000000, 3.906250, -2.343750, 26.000000, 35.294117, 48.235294, 16.078432, 31.764706, 16.470589, 0.000000, 101.000000, 0.000000, 32.000000, 2.000000, 376.899994, 140.800003, 14.101000, 0.000000, 0.000000, 7498.000000, 0.000000, 255.000000,
209.000000, 750.750000, 0.000000, 16.470589, 26.274509, 63.000000, 3.906250, -2.343750, 26.000000, 35.294117, 48.235294, 16.078432, 31.764706, 16.470589, 0.000000, 101.000000, 0.000000, 32.000000, 2.000000, 376.899994, 140.800003, 14.101000, 0.000000, 0.000000, 7498.000000, 0.000000, 255.000000,
209.000000, 753.000000, 0.000000, 16.470589, 26.274509, 63.000000, 3.906250, -1.562500, 26.000000, 35.294117, 48.235294, 16.078432, 31.764706, 16.470589, 0.000000, 101.000000, 0.000000, 32.000000, 2.000000, 376.899994, 140.800003, 14.101000, 0.000000, 0.000000, 7498.000000, 0.000000, 255.000000,
211.000000, 753.000000, 0.000000, 16.470589, 26.274509, 63.000000, 3.906250, -1.562500, 26.000000, 35.294117, 48.235294, 16.078432, 31.764706, 16.470589, 0.000000, 101.000000, 0.000000, 32.000000, 2.000000, 376.899994, 140.800003, 14.101000, 0.000000, 0.000000, 7498.000000, 0.000000, 255.000000,
211.000000, 753.000000, 0.000000, 16.470589, 26.274509, 63.000000, 3.906250, -1.562500, 26.000000, 35.294117, 48.235294, 16.078432, 31.764706, 16.470589, 0.000000, 101.000000, 0.000000, 32.000000, 2.000000, 376.799988, 141.600006, 14.101000, 0.000000, 0.000000, 7498.000000, 0.000000, 255.000000,
211.000000, 753.000000, 0.000000, 16.470589, 26.274509, 63.000000, 3.906250, -1.562500, 26.000000, 35.294117, 48.235294, 16.078432, 31.764706, 16.470589, 0.000000, 101.000000, 0.000000, 32.000000, 2.000000, 376.799988, 141.600006, 14.101000, 0.000000, 0.000000, 7498.000000, 0.000000, 255.000000,
211.000000, 750.750000, 0.000000, 16.470589, 26.274509, 63.000000, 3.906250, -3.906250, 26.000000, 35.294117, 48.235294, 16.078432, 31.764706, 16.470589, 0.000000, 101.000000, 0.000000, 32.000000, 4.000000, 376.799988, 141.600006, 14.101000, 0.000000, 0.000000, 7498.000000, 0.000000, 255.000000,
213.000000, 750.750000, 0.000000, 16.470589, 26.274509, 63.000000, 3.906250, -3.906250, 26.000000, 35.294117, 48.235294, 16.078432, 31.764706, 16.470589, 0.000000, 101.000000, 0.000000, 32.000000, 4.000000, 376.799988, 141.600006, 14.101000, 0.000000, 0.000000, 7498.000000, 0.000000, 255.000000,
213.000000, 750.750000, 0.000000, 16.470589, 26.274509, 63.000000, 3.906250, -3.906250, 26.000000, 35.294117, 48.235294, 16.078432, 31.764706, 16.470589, 0.000000, 101.000000, 0.000000, 32.000000, 4.000000, 376.600006, 142.300003, 14.082000, 0.000000, 0.000000, 7498.000000, 0.000000, 255.000000,
213.000000, 750.750000, 0.000000, 16.470589, 26.274509, 63.000000, 3.906250, -0.781250, 26.000000, 35.294117, 48.235294, 16.078432, 31.764706, 16.470589, 0.000000, 101.000000, 0.000000, 32.000000, 4.000000, 376.600006, 142.300003, 14.082000, 0.000000, 0.000000, 7498.000000, 0.000000, 255.000000,
215.000000, 747.500000, 0.000000, 16.470589, 26.274509, 63.000000, 3.906250, -0.781250, 26.000000, 35.294117, 48.235294, 16.078432, 31.764706, 16.470589, 0.000000, 101.000000, 0.000000, 32.000000, 2.000000, 376.600006, 142.300003, 14.082000, 0.000000, 0.000000, 7498.000000, 0.000000, 255.000000,
215.000000, 747.500000, 0.000000, 16.470589, 26.274509, 63.000000, 3.906250, -0.781250, 26.000000, 35.294117, 48.235294, 16.078432, 31.764706, 16.470589, 0.000000, 101.000000, 0.000000, 32.000000, 2.000000, 376.500000, 143.100006, 14.101000, 0.000000, 0.000000, 7498.000000, 0.000000, 255.000000,
215.000000, 747.500000, 0.000000, 16.470589, 26.274509, 63.000000, 3.906250, -0.781250, 26.000000, 35.294117, 48.235294, 16.078432, 31.764706, 16.470589, 0.000000, 101.000000, 0.000000, 32.000000, 2.000000, 376.500000, 143.100006, 14.101000, 0.000000, 0.000000, 7498.000000, 0.000000, 255.000000,
215.000000, 741.250000, 0.000000, 16.470589, 26.274509, 63.000000, 3.906250, -3.906250, 26.000000, 35.294117, 48.235294, 16.078432, 31.764706, 16.470589, 0.000000, 101.000000, 0.000000, 32.000000, 2.000000, 376.500000, 143.100006, 14.101000, 0.000000, 0.000000, 7498.000000, 0.000000, 255.000000,
216.000000, 741.250000, 0.000000, 16.470589, 26.274509, 63.000000, 3.906250, -3.906250, 26.000000, 35.294117, 48.235294, 16.078432, 31.764706, 16.470589, 0.000000, 101.000000, 0.000000, 32.000000, 2.000000, 376.500000, 143.100006, 14.101000, 0.000000, 0.000000, 7498.000000, 0.000000, 255.000000,
216.000000, 741.250000, 0.000000, 16.470589, 26.274509, 63.000000, 3.906250, -3.906250, 26.000000, 35.294117, 48.235294, 16.078432, 31.764706, 16.470589, 0.000000, 101.000000, 0.000000, 32.000000, 2.000000, 376.399994, 143.500000, 14.082000, 0.000000, 0.000000, 7498.000000, 0.000000, 255.000000,
216.000000, 741.250000, 0.000000, 16.470589, 26.274509, 63.000000, 3.906250, -3.906250, 26.000000, 35.294117, 48.235294, 16.078432, 31.764706, 16.470589, 0.000000, 101.000000, 0.000000, 32.000000, 2.000000, 376.399994, 143.500000, 14.082000, 0.000000, 0.000000, 7498.000000, 0.000000, 255.000000,
216.000000, 749.000000, 0.000000, 16.470589, 26.274509, 63.000000, 3.906250, -0.781250, 27.000000, 35.294117, 48.235294, 16.078432, 31.764706, 16.470589, 0.000000, 101.000000, 0.000000, 32.000000, 1.000000, 376.399994, 143.500000, 14.082000, 0.000000, 0.000000, 7498.000000, 0.000000, 255.000000,
218.000000, 749.000000, 0.000000, 16.470589, 26.274509, 63.000000, 3.906250, -0.781250, 27.000000, 35.294117, 48.235294, 16.078432, 31.764706, 16.470589, 0.000000, 101.000000, 0.000000, 32.000000, 1.000000, 376.399994, 143.500000, 14.082000, 0.000000, 0.000000, 7498.000000, 0.000000, 255.000000,
218.000000, 749.000000, 0.000000, 16.470589, 26.274509, 63.000000, 3.906250, -0.781250, 27.000000, 35.294117, 48.235294, 16.078432, 31.764706, 16.470589, 0.000000, 101.000000, 0.000000, 32.000000, 1.000000, 376.200012, 144.300003, 14.082000, 0.000000, 0.000000, 7498.000000, 0.000000, 255.000000,
218.000000, 749.000000, 0.000000, 16.470589, 26.274509, 63.000000, 3.906250, -3.906250, 27.000000, 35.294117, 48.235294, 16.078432, 31.764706, 16.470589, 0.000000, 101.000000, 0.000000, 32.000000, 1.000000, 376.200012, 144.300003, 14.082000, 0.000000, 0.000000, 7498.000000, 0.000000, 255.000000,
220.000000, 748.250000, 0.000000, 16.470589, 26.274509, 63.000000, 3.906250, -3.906250, 27.000000, 35.294117, 48.235294, 16.078432, 31.764706, 16.470589, 0.000000, 101.000000, 0.000000, 32.000000, 2.000000, 376.200012, 144.300003, 14.082000, 0.000000, 0.000000, 7498.000000, 0.000000, 255.000000,
220.000000, 748.250000, 0.000000, 16.470589, 26.274509, 63.000000, 3.906250, -3.906250, 27.000000, 35.294117, 48.235294, 16.078432, 31.764706, 16.470589, 0.000000, 101.000000, 0.000000, 32.000000, 2.000000, 376.100006, 145.100006, 14.101000, 0.000000, 0.000000, 7498.000000, 0.000000, 255.000000,
220.000000, 748.250000, 0.000000, 16.470589, 26.274509, 63.000000, 3.906250, -3.906250, 27.000000, 35.294117, 48.235294, 16.078432, 31.764706, 16.470589, 0.000000, 101.000000, 0.000000, 32.000000, 2.000000, 376.100006, 145.100006, 14.101000, 0.000000, 0.000000, 7498.000000, 0.000000, 255.000000,
220.000000, 742.750000, 0.000000, 16.470589, 26.274509, 63.000000, 3.906250, -0.781250, 26.000000, 35.294117, 48.235294, 16.078432, 31.764706, 16.470589, 0.000000, 101.000000, 0.000000, 32.000000, 2.000000, 376.100006, 145.100006, 14.101000, 0.000000, 0.000000, 7498.000000, 0.000000, 255.000000,
222.000000, 742.750000, 0.000000, 16.470589, 26.274509, 63.000000, 3.906250, -0.781250, 26.000000, 35.294117, 48.235294, 16.078432, 31.764706, 16.470589, 0.000000, 101.000000, 0.000000, 32.000000, 2.000000, 376.100006, 145.100006, 14.101000, 0.000000, 0.000000, 7498.000000, 0.000000, 255.000000,
222.000000, 742.750000, 0.000000, 16.470589, 26.274509, 63.000000, 3.906250, -0.781250, 26.000000, 35.294117, 48.235294, 16.078432, 31.764706, 16.470589, 0.000000, 101.000000, 0.000000, 32.000000, 2.000000, 375.899994, 145.800003, 14.101000, 0.000000, 0.000000, 7498.000000, 0.000000, 255.000000,
222.000000, 742.750000, 0.000000, 16.470589, 26.274509, 63.000000, 3.906250, -0.781250, 26.000000, 35.294117, 48.235294, 16.078432, 31.764706, 16.470589, 0.000000, 101.000000, 0.000000, 32.000000, 2.000000, 375.899994, 145.800003, 14.101000, 0.000000, 0.000000, 7498.000000, 0.000000, 255.000000,
222.000000, 739.750000, 0.000000, 16.470589, 26.274509, 64.000000, 3.906250, -4.687500, 26.000000, 35.294117, 48.235294, 16.078432, 31.764706, 16.470589, 0.000000, 101.000000, 0.000000, 32.000000, 3.000000, 375.899994, 145.800003, 14.101000, 0.000000, 0.000000, 7498.000000, 0.000000, 255.000000,
224.000000, 739.750000, 0.000000, 16.470589, 26.274509, 64.000000, 3.906250, -4.687500, 26.000000, 35.294117, 48.235294, 16.078432, 31.764706, 16.470589, 0.000000, 101.000000, 0.000000, 32.000000, 3.000000, 375.899994, 145.800003, 14.101000, 0.000000, 0.000000, 7498.000000, 0.000000, 255.000000,
224.000000, 739.750000, 0.000000, 16.470589, 26.274509,113, 3.906250, -4.687500, 26.000000, 35.294117, 48.235294, 16.078432, 31.764706, 16.470589, 0.000000, 101.000000, 0.000000, 32.000000, 3.000000, 375.799988, 146.199997, 14.101000, 0.000000, 0.000000, 7498.000000, 0.000000, 255.000000,
224.000000, 739.750000, 0.000000, 16.470589, 26.274509,114, 3.906250, -0.781250, 26.000000, 35.294117, 48.235294, 16.078432, 31.764706, 16.470589, 0.000000, 101.000000, 0.000000, 32.000000, 3.000000, 375.799988, 146.199997, 14.101000, 0.000000, 0.000000, 7498.000000, 0.000000, 255.000000,
225.000000, 739.000000, 0.000000, 16.470589, 26.274509,115, 3.906250, -0.781250, 27.000000, 35.294117, 48.235294, 16.078432, 31.764706, 16.470589, 0.000000, 101.000000, 0.000000, 32.000000, 2.000000, 375.799988, 146.199997, 14.101000, 0.000000, 0.000000, 7498.000000, 0.000000, 255.000000,
225.000000, 739.000000, 0.000000, 16.470589, 26.274509,116, 3.906250, -0.781250, 27.000000, 35.294117, 48.235294, 16.078432, 31.764706, 16.470589, 0.000000, 101.000000, 0.000000, 32.000000, 2.000000, 375.700012, 147.000000, 14.101000, 0.000000, 0.000000, 7498.000000, 0.000000, 255.000000,
225.000000, 739.000000, 0.000000, 16.470589, 26.274509,117, 3.906250, -0.781250, 27.000000, 35.294117, 48.235294, 16.078432, 31.764706, 16.470589, 0.000000, 101.000000, 0.000000, 32.000000, 2.000000, 375.700012, 147.000000, 14.101000, 0.000000, 0.000000, 7498.000000, 0.000000, 255.000000,
225.000000, 737.500000, 0.000000, 16.470589, 26.666666,118, 3.906250, -4.687500, 26.000000, 35.294117, 48.235294, 16.078432, 31.764706, 16.470589, 0.000000, 101.000000, 0.000000, 33.000000, 2.000000, 375.700012, 147.000000, 14.101000, 0.000000, 0.000000, 7498.000000, 0.000000, 255.000000,
227.000000, 737.500000, 0.000000, 16.470589, 26.666666,119, 3.906250, -4.687500, 26.000000, 35.294117, 48.235294, 16.078432, 31.764706, 16.470589, 0.000000, 101.000000, 0.000000, 33.000000, 2.000000, 375.700012, 147.000000, 14.101000, 0.000000, 0.000000, 7498.000000, 0.000000, 255.000000,
227.000000, 737.500000, 0.000000, 16.470589, 26.666666,120, 3.906250, -4.687500, 26.000000, 35.294117, 48.235294, 16.078432, 31.764706, 16.470589, 0.000000, 101.000000, 0.000000, 33.000000, 2.000000, 375.600006, 147.800003, 14.101000, 0.000000, 0.000000, 7498.000000, 0.000000, 255.000000,
227.000000, 737.500000, 0.000000, 16.470589, 26.666666,121, 3.906250, -4.687500, 26.000000, 35.294117, 48.235294, 16.078432, 31.764706, 16.470589, 0.000000, 101.000000, 0.000000, 33.000000, 2.000000, 375.600006, 147.800003, 14.101000, 0.000000, 0.000000, 7498.000000, 0.000000, 255.000000,
227.000000, 750.000000, 0.000000, 16.470589, 26.274509,122, 3.906250, -2.343750, 27.000000, 35.294117, 48.235294, 16.078432, 31.764706, 16.470589, 0.000000, 101.000000, 0.000000, 33.000000, 2.000000, 375.600006, 147.800003, 14.101000, 0.000000, 0.000000, 7498.000000, 0.000000, 255.000000,
229.000000, 750.000000, 0.000000, 16.470589, 26.274509,123, 3.906250, -2.343750, 27.000000, 35.294117, 48.235294, 16.078432, 31.764706, 16.470589, 0.000000, 101.000000, 0.000000, 33.000000, 2.000000, 375.600006, 147.800003, 14.101000, 0.000000, 0.000000, 7498.000000, 0.000000, 255.000000,
229.000000, 750.000000, 0.000000, 16.470589, 26.274509,124, 3.906250, -2.343750, 27.000000, 35.294117, 48.235294, 16.078432, 31.764706, 16.470589, 0.000000, 101.000000, 0.000000, 33.000000, 2.000000, 375.500000, 148.600006, 14.101000, 0.000000, 0.000000, 7498.000000, 0.000000, 255.000000,
229.000000, 750.000000, 0.000000, 16.470589, 26.274509,125, 3.906250, -2.343750, 27.000000, 35.294117, 48.235294, 16.078432, 31.764706, 16.470589, 0.000000, 101.000000, 0.000000, 33.000000, 2.000000, 375.500000, 148.600006, 14.101000, 0.000000, 0.000000, 7498.000000, 0.000000, 255.000000,
231.000000, 739.000000, 0.000000, 16.470589, 26.274509,112, 3.906250, -1.562500, 26.000000, 35.294117, 48.235294, 16.078432, 31.764706, 16.470589, 0.000000, 101.000000, 0.000000, 33.000000, 1.000000, 375.500000, 148.600006, 14.101000, 0.000000, 0.000000, 7498.000000, 0.000000, 255.000000,
231.000000, 739.000000, 0.000000, 16.470589, 26.274509,113, 3.906250, -1.562500, 26.000000, 35.294117, 48.235294, 16.078432, 31.764706, 16.470589, 0.000000, 101.000000, 0.000000, 33.000000, 1.000000, 375.500000, 149.000000, 14.101000, 0.000000, 0.000000, 7498.000000, 0.000000, 255.000000,
231.000000, 739.000000, 0.000000, 16.470589, 26.274509,114, 3.906250, -1.562500, 26.000000, 35.294117, 48.235294, 16.078432, 31.764706, 16.470589, 0.000000, 101.000000, 0.000000, 33.000000, 1.000000, 375.500000, 149.000000, 14.101000, 0.000000, 0.000000, 7498.000000, 0.000000, 255.000000,
231.000000, 739.000000, 0.000000, 16.470589, 26.274509,115, 3.906250, -3.906250, 27.000000, 35.294117, 48.235294, 16.078432, 31.764706, 16.470589, 0.000000, 101.000000, 0.000000, 33.000000, 2.000000, 375.500000, 149.000000, 14.101000, 0.000000, 0.000000, 7498.000000, 0.000000, 255.000000,
233.000000, 739.000000, 0.000000, 16.470589, 26.274509,116, 3.906250, -3.906250, 27.000000, 35.294117, 48.235294, 16.078432, 31.764706, 16.470589, 0.000000, 101.000000, 0.000000, 33.000000, 2.000000, 375.500000, 149.000000, 14.101000, 0.000000, 0.000000, 7498.000000, 0.000000, 255.000000,
233.000000, 739.000000, 0.000000, 16.470589, 26.274509,117, 3.906250, -3.906250, 27.000000, 35.294117, 48.235294, 16.078432, 31.764706, 16.470589, 0.000000, 101.000000, 0.000000, 33.000000, 2.000000, 375.399994, 149.800003, 14.101000, 0.000000, 0.000000, 7498.000000, 0.000000, 255.000000,
233.000000, 739.000000, 0.000000, 16.470589, 26.274509,118, 3.906250, -3.906250, 27.000000, 35.294117, 48.235294, 16.078432, 31.764706, 16.470589, 0.000000, 101.000000, 0.000000, 33.000000, 2.000000, 375.399994, 149.800003, 14.101000, 0.000000, 0.000000, 7498.000000, 0.000000, 255.000000,
233.000000, 744.500000, 0.000000, 16.470589, 26.274509,119, 3.906250, 0.000000, 26.000000, 35.294117, 48.235294, 16.078432, 31.764706, 16.470589, 0.000000, 101.000000, 0.000000, 33.000000, 2.000000, 375.399994, 149.800003, 14.101000, 0.000000, 0.000000, 7498.000000, 0.000000, 255.000000,
235.000000, 744.500000, 0.000000, 16.470589, 26.274509,120, 3.906250, 0.000000, 26.000000, 35.294117, 48.235294, 16.078432, 31.764706, 16.470589, 0.000000, 101.000000, 0.000000, 33.000000, 2.000000, 375.399994, 149.800003, 14.101000, 0.000000, 0.000000, 7498.000000, 0.000000, 255.000000,
235.000000, 744.500000, 0.000000, 16.470589, 26.274509,121, 3.906250, 0.000000, 26.000000, 35.294117, 48.235294, 16.078432, 31.764706, 16.470589, 0.000000, 101.000000, 0.000000, 33.000000, 2.000000, 375.299988, 150.500000, 14.101000, 0.000000, 0.000000, 7498.000000, 0.000000, 255.000000,
235.000000, 744.500000, 0.000000, 16.470589, 26.274509,122, 3.906250, 0.000000, 26.000000, 35.294117, 48.235294, 16.078432, 31.764706, 16.470589, 0.000000, 101.000000, 0.000000, 33.000000, 2.000000, 375.299988, 150.500000, 14.101000, 0.000000, 0.000000, 7498.000000, 0.000000, 255.000000,
236.000000, 738.250000, 0.000000, 16.470589, 26.274509,123, 3.906250, -2.343750, 26.000000, 35.294117, 48.235294, 16.078432, 31.764706, 16.470589, 0.000000, 101.000000, 0.000000, 33.000000, 2.000000, 375.299988, 150.500000, 14.101000, 0.000000, 0.000000, 7498.000000, 0.000000, 255.000000,
236.000000, 738.250000, 0.000000, 16.470589, 26.274509,124, 3.906250, -2.343750, 26.000000, 35.294117, 48.235294, 16.078432, 31.764706, 16.470589, 0.000000, 101.000000, 0.000000, 33.000000, 2.000000, 375.200012, 150.500000, 14.101000, 0.000000, 0.000000, 7498.000000, 0.000000, 255.000000,
236.000000, 738.250000, 0.000000, 16.470589, 26.274509,125, 3.906250, -2.343750, 26.000000, 35.294117, 48.235294, 16.078432, 31.764706, 16.470589, 0.000000, 101.000000, 0.000000, 33.000000, 2.000000, 375.200012, 151.300003, 14.082000, 0.000000, 0.000000, 7498.000000, 0.000000, 255.000000,
236.000000, 739.750000, 0.000000, 16.470589, 26.274509,112, 3.906250, -3.125000, 26.000000, 35.294117, 48.235294, 16.078432, 31.764706, 16.470589, 0.000000, 101.000000, 0.000000, 33.000000, 2.000000, 375.200012, 151.300003, 14.082000, 0.000000, 0.000000, 7498.000000, 0.000000, 255.000000,
238.000000, 739.750000, 0.000000, 16.470589, 26.274509,113, 3.906250, -3.125000, 26.000000, 35.294117, 48.235294, 16.078432, 31.764706, 16.470589, 0.000000, 101.000000, 0.000000, 33.000000, 2.000000, 375.200012, 151.300003, 14.082000, 0.000000, 0.000000, 7498.000000, 0.000000, 255.000000,
238.000000, 739.750000, 0.000000, 16.470589, 26.274509,114, 3.906250, -3.125000, 26.000000, 35.294117, 48.235294, 16.078432, 31.764706, 16.470589, 0.000000, 101.000000, 0.000000, 33.000000, 2.000000, 375.100006, 151.699997, 14.101000, 0.000000, 0.000000, 7498.000000, 0.000000, 255.000000,
238.000000, 739.750000, 0.000000, 16.470589, 26.274509,115, 3.906250, -3.125000, 26.000000, 35.294117, 47.843136, 16.078432, 31.764706, 16.470589, 0.000000, 101.000000, 0.000000, 33.000000, 2.000000, 375.100006, 151.699997, 14.101000, 0.000000, 0.000000, 7499.000000, 0.000000, 255.000000,
238.000000, 740.500000, 0.000000, 16.470589, 26.274509,116, 3.906250, -0.781250, 26.000000, 35.294117, 47.843136, 16.078432, 31.764706, 16.470589, 0.000000, 101.000000, 0.000000, 33.000000, 1.000000, 375.100006, 151.699997, 14.101000, 0.000000, 0.000000, 7499.000000, 0.000000, 255.000000,
240.000000, 740.500000, 0.000000, 16.470589, 26.274509,117, 3.906250, -0.781250, 26.000000, 35.294117, 47.843136, 16.078432, 31.764706, 16.470589, 0.000000, 101.000000, 0.000000, 33.000000, 1.000000, 375.100006, 151.699997, 14.101000, 0.000000, 0.000000, 7499.000000, 0.000000, 255.000000,
240.000000, 740.500000, 0.000000, 16.470589, 26.274509,118, 3.906250, -0.781250, 26.000000, 35.294117, 47.843136, 16.078432, 31.764706, 16.470589, 0.000000, 101.000000, 0.000000, 33.000000, 1.000000, 375.000000, 152.500000, 14.101000, 0.000000, 0.000000, 7499.000000, 0.000000, 255.000000,
240.000000, 740.500000, 0.000000, 16.470589, 26.274509,119, 3.906250, -0.781250, 26.000000, 35.294117, 47.843136, 16.078432, 31.764706, 16.470589, 0.000000, 101.000000, 0.000000, 33.000000, 1.000000, 375.000000, 152.500000, 14.101000, 0.000000, 0.000000, 7499.000000, 0.000000, 255.000000,
242.000000, 720.250000, 0.000000, 16.470589, 26.274509,120, 3.906250, -4.687500, 26.000000, 35.294117, 47.843136, 16.078432, 31.764706, 16.470589, 0.000000, 101.000000, 0.000000, 33.000000, 3.000000, 375.000000, 152.500000, 14.101000, 0.000000, 0.000000, 7499.000000, 0.000000, 255.000000,
242.000000, 720.250000, 0.000000, 16.470589, 26.274509,121, 3.906250, -4.687500, 26.000000, 35.294117, 47.843136, 16.078432, 31.764706, 16.470589, 0.000000, 101.000000, 0.000000, 33.000000, 3.000000, 374.899994, 152.500000, 14.101000, 0.000000, 0.000000, 7499.000000, 0.000000, 255.000000,
242.000000, 720.250000, 0.000000, 16.470589, 26.274509,122, 3.906250, -4.687500, 26.000000, 35.294117, 47.843136, 16.078432, 31.764706, 16.470589, 0.000000, 101.000000, 0.000000, 33.000000, 3.000000, 374.899994, 153.300003, 14.082000, 0.000000, 0.000000, 7499.000000, 0.000000, 255.000000,
242.000000, 720.250000, 0.000000, 16.470589, 26.274509,123, 3.906250, -0.781250, 26.000000, 35.294117, 47.843136, 16.078432, 31.764706, 16.470589, 0.000000, 101.000000, 0.000000, 33.000000, 3.000000, 374.899994, 153.300003, 14.082000, 0.000000, 0.000000, 7499.000000, 0.000000, 255.000000,
244.000000, 731.250000, 0.000000, 16.470589, 26.274509,124, 3.906250, -0.781250, 26.000000, 35.294117, 47.843136, 16.078432, 31.764706, 16.470589, 0.000000, 101.000000, 0.000000, 33.000000, 1.000000, 374.899994, 153.300003, 14.082000, 0.000000, 0.000000, 7499.000000, 0.000000, 255.000000,
244.000000, 731.250000, 0.000000, 16.470589, 26.274509,125, 3.906250, -0.781250, 26.000000, 35.294117, 47.843136, 16.078432, 31.764706, 16.470589, 0.000000, 101.000000, 0.000000, 33.000000, 1.000000, 374.799988, 154.000000, 14.101000, 0.000000, 0.000000, 7499.000000, 0.000000, 255.000000,
244.000000, 731.250000, 0.000000, 16.470589, 26.274509,112, 3.906250, -0.781250, 26.000000, 35.294117, 47.843136, 16.078432, 31.764706, 16.470589, 0.000000, 101.000000, 0.000000, 33.000000, 1.000000, 374.799988, 154.000000, 14.101000, 0.000000, 0.000000, 7499.000000, 0.000000, 255.000000,
244.000000, 717.750000, 0.000000, 16.470589, 26.274509,113, 3.906250, -3.125000, 27.000000, 35.294117, 47.843136, 16.078432, 31.764706, 16.470589, 0.000000, 101.000000, 0.000000, 33.000000, 2.000000, 374.799988, 154.000000, 14.101000, 0.000000, 0.000000, 7499.000000, 0.000000, 255.000000,
245.000000, 717.750000, 0.000000, 16.470589, 26.274509,114, 3.906250, -3.125000, 27.000000, 35.294117, 47.843136, 16.078432, 31.764706, 16.470589, 0.000000, 101.000000, 0.000000, 33.000000, 2.000000, 374.799988, 154.000000, 14.101000, 0.000000, 0.000000, 7499.000000, 0.000000, 255.000000,
245.000000, 717.750000, 0.000000, 16.470589, 26.274509,115, 3.906250, -3.125000, 27.000000, 35.294117, 47.843136, 16.078432, 31.764706, 16.470589, 0.000000, 101.000000, 0.000000, 33.000000, 2.000000, 374.700012, 154.399994, 14.082000, 0.000000, 0.000000, 7499.000000, 0.000000, 255.000000,
245.000000, 717.750000, 0.000000, 16.470589, 26.274509,116, 3.906250, -3.125000, 27.000000, 35.294117, 47.843136, 16.078432, 31.764706, 16.470589, 0.000000, 101.000000, 0.000000, 33.000000, 2.000000, 374.700012, 154.399994, 14.082000, 0.000000, 0.000000, 7499.000000, 0.000000, 255.000000,
247.000000, 721.000000, 0.000000, 16.470589, 26.274509,117, 3.906250, -2.343750, 27.000000, 35.294117, 47.843136, 16.078432, 31.764706, 16.470589, 0.000000, 101.000000, 0.000000, 33.000000, 2.000000, 374.700012, 154.399994, 14.082000, 0.000000, 0.000000, 7499.000000, 0.000000, 255.000000,
247.000000, 721.000000, 0.000000, 16.470589, 26.274509,118, 3.906250, -2.343750, 27.000000, 35.294117, 47.843136, 16.078432, 31.764706, 16.470589, 0.000000, 101.000000, 0.000000, 33.000000, 2.000000, 374.700012, 154.399994, 14.082000, 0.000000, 0.000000, 7499.000000, 0.000000, 255.000000,
247.000000, 721.000000, 0.000000, 16.470589, 26.274509,119, 3.906250, -2.343750, 27.000000, 35.294117, 47.843136, 16.078432, 31.764706, 16.470589, 0.000000, 101.000000, 0.000000, 33.000000, 2.000000, 374.600006, 155.100006, 14.082000, 0.000000, 0.000000, 7499.000000, 0.000000, 255.000000,
247.000000, 721.000000, 0.000000, 16.470589, 26.666666,120, 3.906250, -2.343750, 27.000000, 35.294117, 47.843136, 16.078432, 31.764706, 16.470589, 0.000000, 101.000000, 0.000000, 33.000000, 2.000000, 374.600006, 155.100006, 14.082000, 0.000000, 0.000000, 7499.000000, 0.000000, 255.000000,
249.000000, 722.500000, 0.000000, 16.470589, 26.666666,121, 3.906250, -2.343750, 26.000000, 35.294117, 47.843136, 16.078432, 31.764706, 16.470589, 0.000000, 101.000000, 0.000000, 33.000000, 1.000000, 374.600006, 155.100006, 14.082000, 0.000000, 0.000000, 7499.000000, 0.000000, 255.000000,
249.000000, 722.500000, 0.000000, 16.470589, 26.666666,122, 3.906250, -2.343750, 26.000000, 35.294117, 47.843136, 16.078432, 31.764706, 16.470589, 0.000000, 101.000000, 0.000000, 33.000000, 1.000000, 374.500000, 155.800003, 14.101000, 0.000000, 0.000000, 7499.000000, 0.000000, 255.000000,
249.000000, 722.500000, 0.000000, 16.470589, 26.666666,123, 3.906250, -2.343750, 26.000000, 35.294117, 47.843136, 16.078432, 31.764706, 16.470589, 0.000000, 101.000000, 0.000000, 33.000000, 1.000000, 374.500000, 155.800003, 14.101000, 0.000000, 0.000000, 7499.000000, 0.000000, 255.000000,
249.000000, 725.000000, 0.000000, 16.470589, 26.274509,124, 3.906250, -3.125000, 26.000000, 35.294117, 47.843136, 16.078432, 31.764706, 16.470589, 0.000000, 101.000000, 0.000000, 33.000000, 1.000000, 374.500000, 155.800003, 14.101000, 0.000000, 0.000000, 7499.000000, 0.000000, 255.000000,
251.000000, 725.000000, 0.000000, 16.470589, 26.274509,125, 3.906250, -3.125000, 26.000000, 35.294117, 47.843136, 16.078432, 31.764706, 16.470589, 0.000000, 101.000000, 0.000000, 33.000000, 1.000000, 374.500000, 155.800003, 14.101000, 0.000000, 0.000000, 7499.000000, 0.000000, 255.000000,
251.000000, 725.000000, 0.000000, 16.470589, 26.274509,112, 3.906250, -3.125000, 26.000000, 35.294117, 47.843136, 16.078432, 31.764706, 16.470589, 0.000000, 101.000000, 0.000000, 33.000000, 1.000000, 374.399994, 156.500000, 14.101000, 0.000000, 0.000000, 7499.000000, 0.000000, 255.000000,
251.000000, 725.000000, 0.000000, 16.470589, 26.274509,113, 3.906250, -3.125000, 26.000000, 35.294117, 47.843136, 16.078432, 31.764706, 16.470589, 0.000000, 101.000000, 0.000000, 33.000000, 1.000000, 374.399994, 156.500000, 14.101000, 0.000000, 0.000000, 7499.000000, 0.000000, 255.000000,
251.000000, 724.000000, 0.000000, 16.470589, 26.666666,114, 3.906250, -2.343750, 26.000000, 35.294117, 47.843136, 16.078432, 31.764706, 16.470589, 0.000000, 101.000000, 0.000000, 33.000000, 1.000000, 374.399994, 156.500000, 14.101000, 0.000000, 0.000000, 7499.000000, 0.000000, 255.000000,
253.000000, 724.000000, 0.000000, 16.470589, 26.666666,115, 3.906250, -2.343750, 26.000000, 35.294117, 47.843136, 16.078432, 31.764706, 16.470589, 0.000000, 101.000000, 0.000000, 33.000000, 1.000000, 374.399994, 156.500000, 14.101000, 0.000000, 0.000000, 7499.000000, 0.000000, 255.000000,
253.000000, 724.000000, 0.000000, 16.470589, 26.666666,116, 3.906250, -2.343750, 26.000000, 35.294117, 47.843136, 16.078432, 31.764706, 16.470589, 0.000000, 101.000000, 0.000000, 33.000000, 1.000000, 374.399994, 156.800003, 14.082000, 0.000000, 0.000000, 7499.000000, 0.000000, 255.000000,
253.000000, 724.000000, 0.000000, 16.470589, 26.666666,117, 3.906250, -3.906250, 26.000000, 35.294117, 47.843136, 16.078432, 31.764706, 16.470589, 0.000000, 101.000000, 0.000000, 33.000000, 1.000000, 374.399994, 156.800003, 14.082000, 0.000000, 0.000000, 7499.000000, 0.000000, 255.000000,
254.000000, 722.500000, 0.000000, 16.470589, 26.666666,118, 3.906250, -3.906250, 27.000000, 35.294117, 47.843136, 16.078432, 31.764706, 16.470589, 0.000000, 101.000000, 0.000000, 33.000000, 0.000000, 374.399994, 156.800003, 14.082000, 0.000000, 0.000000, 7499.000000, 0.000000, 255.000000,
254.000000, 722.500000, 0.000000, 16.470589, 26.666666,119, 3.906250, -3.906250, 27.000000, 35.294117, 47.843136, 16.078432, 31.764706, 16.470589, 0.000000, 101.000000, 0.000000, 33.000000, 0.000000, 374.299988, 157.500000, 14.082000, 0.000000, 0.000000, 7499.000000, 0.000000, 255.000000,
254.000000, 722.500000, 0.000000, 16.470589, 26.666666,120, 3.906250, -3.906250, 27.000000, 35.294117, 47.843136, 16.078432, 31.764706, 16.470589, 0.000000, 101.000000, 0.000000, 33.000000, 0.000000, 374.299988, 157.500000, 14.082000, 0.000000, 0.000000, 7499.000000, 0.000000, 255.000000,
254.000000, 723.250000, 0.000000, 16.470589, 26.274509,121, 3.906250, -0.781250, 27.000000, 35.294117, 47.843136, 16.078432, 31.764706, 16.470589, 0.000000, 101.000000, 0.000000, 33.000000, 1.000000, 374.299988, 157.500000, 14.082000, 0.000000, 0.000000, 7499.000000, 0.000000, 255.000000,
256.000000, 723.250000, 0.000000, 16.470589, 26.274509,122, 3.906250, -0.781250, 27.000000, 35.294117, 47.843136, 16.078432, 31.764706, 16.470589, 0.000000, 101.000000, 0.000000, 33.000000, 1.000000, 374.299988, 157.500000, 14.082000, 0.000000, 0.000000, 7499.000000, 0.000000, 255.000000,
256.000000, 723.250000, 0.000000, 16.470589, 26.274509,123, 3.906250, -0.781250, 27.000000, 35.294117, 47.843136, 16.078432, 31.764706, 16.470589, 0.000000, 101.000000, 0.000000, 33.000000, 1.000000, 374.200012, 158.199997, 14.082000, 0.000000, 0.000000, 7499.000000, 0.000000, 255.000000,
256.000000, 723.250000, 0.000000, 16.470589, 26.274509,124, 3.906250, -0.781250, 27.000000, 35.294117, 47.843136, 16.078432, 31.764706, 16.470589, 0.000000, 101.000000, 0.000000, 33.000000, 1.000000, 374.200012, 158.199997, 14.082000, 0.000000, 0.000000, 7499.000000, 0.000000, 255.000000,
256.000000, 724.000000, 0.000000, 16.470589, 26.666666,125, 3.906250, -3.906250, 26.000000, 35.294117, 47.843136, 16.078432, 31.764706, 16.470589, 0.000000, 101.000000, 0.000000, 33.000000, 4.000000, 374.200012, 158.199997, 14.082000, 0.000000, 0.000000, 7499.000000, 0.000000, 255.000000,
258.000000, 724.000000, 0.000000, 16.470589, 26.666666,112, 3.906250, -3.906250, 26.000000, 35.294117, 47.843136, 16.078432, 31.764706, 16.470589, 0.000000, 101.000000, 0.000000, 33.000000, 4.000000, 374.200012, 158.199997, 14.082000, 0.000000, 0.000000, 7499.000000, 0.000000, 255.000000,
258.000000, 724.000000, 0.000000, 16.470589, 26.666666,113, 3.906250, -3.906250, 26.000000, 35.294117, 47.843136, 16.078432, 31.764706, 16.470589, 0.000000, 101.000000, 0.000000, 33.000000, 4.000000, 374.100006, 158.899994, 14.101000, 0.000000, 0.000000, 7499.000000, 0.000000, 255.000000,
